{
  "age": 54,
  "sex": 2,
  "cp": 4,
  "trestbps": 130,
  "fbs": 1,
  "restecg": 1,
  "thalach": 140,
  "exang": 1,
  "oldpeak": 0.5,
  "weight_factor": [
    1.00381222,
    1.16213696,
    1.55953897,
    1.55953897,
    2.47561381
  ]
}
