{
  "thresholds": {
    "intercepts": [1.24625645, 4.66166379, 5.26869198, 6.27826999],
    "age": [-0.0267639, -0.05632822, -0.04855947, -0.03474013],
    "restecg1": [-0.29523105, -0.73626322, -0.58188384, -0.53214521],
    "restecg2": [0.02165499, -0.44960176, -0.76310329, -1.18369975],
    "exang1": [-0.8919852, 0.00106458, 0.00392246, 0.38804522]
  },
  "parallel": {
    "sex1": -1.17722963,
    "cp_L": 1.01650321,
    "cp_Q": 0.04812513,
    "cp_C": -1.01499296,
    "trestbps": 0.00143765,
    "fbs1": -0.37932406,
    "thalach": 0.01361037,
    "oldpeak": -0.53458429
  },
  "weight_factor": [1.00381222, 1.16213696, 1.55953897, 1.55953897, 2.47561381]
}
